Title,Auth_Fname,Author_Lname,Format ,ISBN Number ,Price ,Genre,SKU
Tito the Dragon,Gary ,Pineapple,paperback,978-5-8870-7450-4,8.99,Fiction,V34EGIU7
Invader Of Stone,Kasey ,Thomas,hardcover,978-4-6870-2998-1,19.68,Horror,JMNDUHKH
Serpent Of The West,Jaliyah ,House,hardcover,978-5-0550-7698-9,20.32,Autobiography,R50U0RWN
Vultures Of The Stars,Davion ,Nixon,hardcover,978-8-7012-1570-1,17.18,Graphic Novel,2CQI5P21
Aliens Of Fire,Jazmine ,Sweeney,paperback,978-7-9863-8269-6,10.19,Action,8XHE9YCH
Heroes And Spies,Gerald ,Mckee,hardcover,978-6-0725-2019-6,27.14,Romance,7K1VY5RB
Spies And Dogs,Avah ,Anthony,hardcover,978-9-5380-9871-0,36.66,Non-Fiction,1PUWZ1BJ
Influence Of The Frontline,Miriam ,Villanueva,hardcover,978-3-2894-1147-7,15.39,Romance,YMN53C36
Vision With Silver,Cecilia ,Shepherd,hardcover,978-8-7884-5384-3,34.74,Autobiography,NSH8H4X5
Signs At The Future,Cason ,House,hardcover,978-6-8161-8151-5,26.55,Action,M9D963UL
Ignoring Eternity,Selina ,Wise,hardcover,978-5-4441-1909-9,18.68,Non-Fiction,EHL18QUK
Duke Of History,Turner ,Bullock,hardcover,978-8-7881-6263-9,23.89,Fiction,ZZZCG95D
Invader Of The Prison,Jaslyn ,Fuentes,hardcover,978-9-3222-0660-4,34.29,Graphic Novel,VG7O9E1Y
Women Without Faith,Selena ,Alvarado,hardcover,978-8-9724-2046-0,15.5,Horror,HZET161B
Humans Of The Ocean,Mike ,Deleon,hardcover,978-6-1613-7075-6,16.31,Action,JJMEXATM
Phantoms And Spiders,Jadyn ,Dennis,hardcover,978-0-6139-7204-8,14.3,Graphic Novel,7RVS4VF8
Boys And Assassins,Carter ,Zhang,hardcover,978-8-9935-0135-3,17.04,Fiction,TSVK448X
Moon Of Utopia,Laila ,Klein,hardcover,978-6-8190-8551-3,30.13,Autobiography,XP7B43N6
Foundation Without Desire,Felix ,Bridges,hardcover,978-3-4956-0701-5,15.41,Horror,CNQ9J952
Begging In The Fog,Gracie ,Romero,paperback,978-0-5841-5612-6,12.65,Non-Fiction,2FNGYEOP
Life At My Friends,Jaydin ,Robbins,hardcover,978-1-9451-3398-5,16.48,Romance,RSISMOF4
Human With Strength,Oscar ,Osborne,hardcover,978-5-7501-9502-2,30.19,Fiction,UOIZ0PQL
Gangster Of Tomorrow,Calvin ,Suarez,paperback,978-9-0365-4423-8,4.13,Non-Fiction,MTUDO3KU
Lords Without Faith,Ireland ,Mathews,paperback,978-1-5040-3002-1,2.2,Romance,GQIYDBFF
Blacksmiths Of The South,Joaquin ,Pitts,hardcover,978-0-9397-8807-1,25.06,Graphic Novel,DJ6DAKJ7
Trees And Priests,Matthew ,Gardner,hardcover,978-1-4993-0943-0,25.66,Action,34WQ4MSH
Gods And Horses,Miranda ,Sloan,paperback,978-1-4694-5852-6,2.46,Autobiography,FTFE5R2X
End Without Fear,Jaqueline ,Galloway,paperback,978-1-8728-1018-8,9.22,Fiction,4UKO3TC2
Intention Of Yesterday,Caylee ,Ramirez,paperback,978-4-3835-2787-3,7.44,Fiction,806VISAI
Scared At The Jungle,Kinley ,Winters,hardcover,978-4-0135-1172-2,31.03,Horror,PCLO5XCP
Drinking At The Shadows,Kassidy ,Santos,hardcover,978-2-1829-7588-8,31.04,Horror,5C5B62TI
Parrot Without Sin,Davion ,Gray,paperback,978-6-9812-0251-0,13.04,Romance,0YO47W9W
Lord Without Courage,Ricky ,Sexton,paperback,978-6-5822-8937-8,5.29,Action,XPU59FS8
Gangsters Without Sin,America ,Mcclain,paperback,978-2-5223-4658-3,9.58,Action,54T8855A
Turtles Of The Gods,Aileen ,Long,hardcover,978-7-2065-1357-2,26.04,Non-Fiction,2SO2W1ES
Cats And Officers,Rihanna ,Wells,hardcover,978-6-6466-9013-3,21.83,Non-Fiction,VZMVH6RF
Lions And Strangers,Theresa ,Sharp,paperback,978-3-6096-6410-1,12.6,Graphic Novel,T1AY2LIK
Design Of The Eclipse,Jamison ,Hanson,hardcover,978-8-7521-4445-6,36.97,Graphic Novel,LO47KQSI
Faction Of The Lost Ones,Justus ,Bauer,paperback,978-5-8255-7468-4,12.8,Horror,S262M2HM
Running In The Beginning,Abdullah ,Stephens,paperback,978-4-3512-8100-4,11.19,Romance,PRCQOZYS
Sounds In The Sun,Kiersten ,Smith,hardcover,978-3-6208-5835-0,19.61,Fiction,6686V8KG
Parrot Without Sin,Troy ,Black,paperback,978-4-0206-5122-0,7.74,Non-Fiction,G6WJ0CHS
Lord Without Courage,Izabelle ,Parrish,hardcover,978-4-3113-1736-1,30.74,Autobiography,EHZ5ZM1N
Gangsters Without Sin,Natalia ,Howe,hardcover,978-4-9635-0646-5,33.84,Graphic Novel,3LMT8S8F
Turtles Of The Gods,Conrad ,Fry,hardcover,978-4-7319-5736-9,36.89,Fiction,KNBFGVLM
Cats And Officers,Erika ,Brewer,paperback,978-3-6336-5713-1,9.62,Romance,3LCMATZB
Lions And Strangers,Edgar ,Ball,paperback,978-1-5634-9083-5,10.83,Horror,ASIBLWGU
Design Of The Eclipse,Janiyah ,Stevens,paperback,978-2-5487-0769-6,9.62,Action,MV3B9086
Faction Of The Lost Ones,Tobias ,Joyce,paperback,978-4-5835-8189-7,9.36,Fiction,8AUDSUVB

